Time,V1,V2,V3,Amount,Class
406,-2.312226542,1.951992011,-1.609850732,0,1
472,-3.043540624,-3.157307121,1.08846278,529,1
4462,-2.303349568,1.75924746,-0.359744743,239.93,1
6986,-4.397974442,1.358367028,-2.592844218,59,1
7519,1.234235046,3.019740421,-4.304596885,1,1
7526,0.008430365,4.137836835,-6.240696572,1,1
7535,0.026779226,4.132463897,-6.560599968,1,1
7543,0.329594333,3.712889295,-5.775935108,1,1
7551,0.316459,3.809075947,-5.615159011,1,1
7610,0.72564574,2.300894438,-5.329976183,1,1
7672,0.7027099,2.426432806,-5.234513296,1,1
7740,1.023873869,2.001485266,-4.769751832,1,1
7891,-1.585505367,3.261584548,-4.137421983,1,1
8090,-1.783228837,3.402793713,-3.822742266,1,1
8169,0.857321004,4.093911827,-7.423893589,1,1
8408,-1.813280485,4.917850711,-5.926129694,1,1
8415,-0.25147096,4.313523326,-6.891437717,1,1
8451,0.31459659,2.660670277,-5.92003738,1,1
8528,0.447395553,2.481953866,-5.660813931,1,1
8614,-2.169928976,3.639653999,-4.508497786,1,1
8757,-1.863755553,3.442643977,-4.468259731,1,1
8808,-4.617217204,1.695693653,-3.114372201,1.1,1
8878,-2.661802175,5.856393215,-7.653616213,1,1
8886,-2.535852117,5.793644147,-7.618462836,1,1
9064,-3.499107537,0.258555161,-4.489558073,1809.68,1
11080,-2.125489826,5.973555692,-11.03472723,1,1
11092,0.378274504,3.914796789,-5.726872015,1,1
11131,-1.426623313,4.141986232,-9.804103442,1,1
11629,-3.891191951,7.098916252,-11.4264671,1,1
11635,0.919136507,4.199632669,-7.535606594,1,1
12093,-4.696795224,2.693867479,-4.475132713,0,1
12095,-4.727712656,3.044469102,-5.598354267,30.39,1
12393,-4.064004738,3.100934891,-1.188498004,179.66,1
12597,-2.589617198,7.016714385,-13.70540729,1,1
13126,-2.880042352,5.22544231,-11.06333028,1,1
13323,-5.454361779,8.287420555,-12.75281127,1,1
14073,-4.153014499,8.204796505,-15.03171421,1,1
14152,-4.710528782,8.63621439,-15.496222,1,1
15817,-4.641892851,2.902086433,-1.572938709,11.39,1
17187,1.088374938,0.898474024,0.394684329,3.79,1
17220,1.189784357,0.942289402,0.082334145,3.79,1
17230,-0.469326705,1.111452782,2.041002725,3.93,1
17520,-5.268053221,9.067613427,-15.96072813,1,1
17838,-5.187878108,6.967708664,-13.51093114,766.36,1
18088,-12.22402062,3.85415033,-12.46676572,1218.89,1
18399,-14.47443749,6.503184517,-17.71263237,1,1
18675,-12.33960316,4.488267302,-16.58707294,188.78,1
18690,-15.39884501,7.472323897,-19.02691234,1,1
19762,-14.17916511,7.421369962,-21.40583574,1,1
20011,-14.72462701,7.875156793,-21.87231736,1,1
20332,-15.27136186,8.326581061,-22.33859051,1,1
20451,-15.81917872,8.775997153,-22.80468646,1,1
20931,-16.36792301,9.223691949,-23.27063052,1,1
21046,-16.91746827,9.669900173,-23.73644341,1,1
21419,-17.46771001,10.11481572,-24.20214223,1,1
21662,-18.01856119,10.55860019,-24.66774125,1,1
25095,1.19239599,1.338973711,-0.678876187,3.12,1
25198,-15.9036352,10.39391714,-19.13360246,99.99,1
25231,-16.59866474,10.5417508,-19.81898181,99.99,1
25254,-17.27519119,10.81966537,-20.36388597,99.99,1
25426,1.125335535,1.130146484,-0.962975335,3.76,1
26523,-18.4748679,11.58638052,-21.40291681,99.99,1
26556,-19.17982641,11.81792199,-21.91917358,99.99,1
26585,-19.85632233,12.09589323,-22.46408275,99.99,1
26833,-20.53275108,12.37398914,-23.00900291,99.99,1
26863,-21.20911959,12.65219683,-23.55393294,99.99,1
26899,-21.88543391,12.93050512,-24.09887185,99.99,1
26931,-22.56169926,13.20890428,-24.64381878,99.99,1
26961,-23.23792024,13.48738579,-25.18877297,99.99,1
27163,-23.91410089,13.76594216,-25.73373377,99.99,1
27187,-24.59024477,14.04456678,-26.27870059,99.99,1
27219,-25.26635502,14.32325381,-26.82367291,99.99,1
27252,-25.94243445,14.60199804,-27.36865029,99.99,1
27784,0.288028928,0.965681439,-1.4594952,23.36,1
28143,-27.14367842,15.36580438,-28.40742446,99.99,1
28242,-2.787247931,-0.071340378,-1.505287775,730.86,1
28625,-27.84818067,15.59819266,-28.92375595,99.99,1
28658,-28.52426759,15.87692299,-29.46873209,99.99,1
28692,-29.20032859,16.15570143,-30.01371249,99.99,1
28726,-29.87636551,16.43452455,-30.55869682,99.99,1
28755,-30.55238004,16.71338924,-31.10368482,99.99,1
29526,1.102804325,2.829167999,-3.932870265,0.68,1
29531,-1.060676284,2.60857947,-2.971679003,0.68,1
29753,0.26961409,3.549755129,-5.810353445,0.68,1
29785,0.92376442,0.344048072,-2.880003656,30.3,1
30852,-2.830984056,0.885657038,1.199930098,104.81,1
32686,0.287952772,1.728734645,-1.652173046,0,1
32745,-2.17913506,0.020217918,-2.182732796,717.15,1
34256,0.539275914,1.554889763,-2.066180333,19.02,1
34521,1.081233775,0.416413936,0.862918741,1.52,1
34634,0.333499491,1.699873446,-2.596561167,18.96,1
34684,-2.439236969,2.591458163,-2.84012565,125.3,1
34687,-0.860826892,3.131789633,-5.052968134,19.02,1
35585,-2.019000719,1.491269729,0.005221816,0.76,1
35771,-3.218952011,2.708535411,-3.263041587,60.6,1
35866,-2.044488689,3.368306217,-3.937111391,7.61,1
35899,-2.857169754,4.045601381,-4.197298786,1,1
35906,-3.519029545,4.140867176,-3.628202369,9.13,1
35926,-3.896582592,4.518354703,-4.45402724,4.56,1
35942,-4.194073676,4.382897362,-5.118363373,14.46,1
35953,-4.844371522,5.649438648,-6.730395746,111.7,1
36170,-5.685013418,5.77651621,-7.064976729,111.7,1
37167,-7.923890701,-5.198360199,-3.000023922,12.31,1
39729,-0.964567283,-1.643540668,-0.187726849,776.83,1
40086,1.083692681,1.179501206,-1.346150391,1,1
40276,1.159373145,2.844794699,-4.050679508,1,1
40662,-4.446846548,-0.014793158,-5.126306996,1,1
40742,-2.377532802,0.520539362,-8.094139455,1,1
40892,-2.140511492,4.104871451,-8.996859402,0.76,1
40918,-3.140259538,3.367342309,-2.778931407,0.76,1
40919,-2.740482502,3.65809482,-4.11063552,112.33,1
41116,-3.600543504,4.519046947,-6.340883535,3.79,1
41138,-4.595617042,5.08369023,-7.581014617,340.11,1
41147,-5.314173206,4.145943611,-8.532522459,88.23,1
41164,-5.932777955,4.571743204,-9.427246928,5.3,1
41170,-6.498086169,4.75051466,-8.966557831,83.38,1
41181,-7.334341021,4.960892291,-8.451409591,11.38,1
41194,-7.896886153,5.381019523,-8.451161615,1.52,1
41203,-8.426814465,6.241658913,-9.946469745,88.23,1
41204,-8.440283963,6.147653324,-11.68370616,30.26,1
41227,-9.001351345,6.613283943,-12.42363472,459.07,1
41233,-10.64579965,5.918306659,-11.67104259,0,1
41237,-10.28178404,6.302384784,-13.27171803,118.3,1
41243,-10.94073911,6.261585851,-14.18233878,45.49,1
41273,-11.68221489,6.332882093,-13.29710925,173.07,1
41285,-12.83575958,6.574615429,-12.78846248,37.32,1
41305,-12.98094256,6.720507771,-13.45563594,59.68,1
41308,-13.68076032,6.990389242,-13.77000114,0.76,1
41313,-13.89720587,6.344280456,-14.28166644,9.99,1
41353,-15.0209806,8.075239752,-16.29809054,34.12,1
41397,-14.97034565,8.40142101,-16.86723849,273.01,1
41413,-15.14044962,7.378042412,-16.35636736,106.55,1
41505,-16.52650657,8.584971796,-18.64985319,364.19,1
41582,-1.048005289,1.300218777,-0.180400576,39.45,1
41607,-18.24751323,8.713250171,-17.88012682,53.95,1
41646,-3.240186587,2.97812179,-4.162313937,172.32,1
41743,-2.144411474,1.073499095,-2.773662944,802.52,1
41791,-7.222731306,6.15577293,-10.82645984,99.99,1
41851,-19.13973286,9.28684736,-20.1349921,139.9,1
41870,-20.9069081,9.843153223,-19.94772605,1,1
41991,-4.566341567,3.35345148,-4.572027808,1,1
42247,-2.52401157,2.098151867,-4.94607521,1,1
42474,-3.843009034,3.375110204,-5.492893197,1,1
42985,-4.075974685,0.963031254,-5.076070198,1,1
42988,-4.423507627,1.648047774,-6.934387857,648,1
43028,-1.109645525,0.8110693,-1.138135327,204.27,1
43369,-3.365318521,2.426503265,-3.752226527,88,1
43494,-1.278137735,0.71624158,-1.143279229,24.9,1
44393,-4.617461029,3.663395253,-5.29744641,1,1
44532,-0.234922309,0.355412643,1.972182786,1,1
45463,-1.476893436,2.122313792,-1.22946956,1,1
45501,1.001991715,0.04793838,-0.349001552,105.99,1
45541,-1.519243531,2.308492454,-1.50359932,1,1
46057,-1.309441346,1.786494949,-1.37107024,1,1
46149,-1.346508818,2.132430627,-1.854355318,1,1
46925,-0.481531151,1.059542277,0.647117403,1,1
47545,1.176715759,0.557090903,-0.490799623,0.76,1
47826,-0.887286906,1.390001509,1.21968582,7.58,1
47923,0.364376991,1.443523465,-2.220907374,0.76,1
47982,-1.232804128,2.244118745,-1.703825793,0.76,1
48380,-2.790771039,-1.464268987,1.031165008,208.58,1
48533,1.243848449,0.524525773,-0.538883626,1,1
48884,-2.139050557,1.394367662,-0.612034895,19.73,1
49985,-1.554216368,1.694229289,-0.903333638,360,1
50706,-8.461844701,6.866198415,-11.83826922,99.99,1
50808,-9.169789824,7.092196801,-12.35403687,99.99,1
51112,-9.848775832,7.365546486,-12.89853823,99.99,1
51135,-10.52730443,7.639745109,-13.4431145,99.99,1
51155,-11.20546139,7.914633492,-13.98775164,99.99,1
52814,-1.101847007,-1.632441213,0.901066557,519.9,1
52934,1.036638558,0.40722728,0.757706165,0.76,1
53031,0.206075454,1.387359821,-1.045286987,0.76,1
53076,1.296230804,0.417447288,0.193963068,1.18,1
53451,0.385108461,1.217620323,-1.953872165,8,1
53658,-1.739340964,1.344520789,-0.534379047,0,1
53727,-1.649278816,1.263973556,-1.050825674,112.45,1
53937,-2.042608199,1.573578074,-2.372652433,261.87,1
54846,-2.986465508,-0.000891229,0.60588683,1.79,1
55279,-5.753851922,0.577609831,-6.312781518,1,1
55311,-6.15960693,1.468712923,-6.850888147,0.83,1
55614,-7.347954947,2.397041348,-7.572355818,0.83,1
55618,-7.427924231,2.948209208,-8.678550384,130.44,1
55760,-6.003421676,-3.930731396,-0.007045455,311.91,1
56098,-1.229668917,1.956099151,-0.85119796,170.92,1
56624,-7.90142135,2.720472487,-7.885935672,153.46,1
56650,-8.762083394,2.791030282,-7.682766857,7.52,1
56806,0.016827808,2.400825547,-4.220359821,1,1
56887,-0.075483466,1.812354584,-2.56698081,5,1
57007,-1.271244192,2.462675269,-2.851395003,0.01,1
57027,-2.335654929,2.225379941,-3.379450386,444.17,1
57163,-10.36304947,4.543672013,-9.795897736,1,1
58060,-2.630597703,5.12575923,-6.092254547,1,1
58067,-0.264868684,3.386139969,-3.45499699,1,1
58199,0.340390791,2.015233463,-2.777329561,1.75,1
58217,-0.443793957,1.27139529,1.206177863,5.09,1
58222,-1.322789063,1.552768211,-2.276920704,270,1
58642,-0.45138257,2.2251465,-4.953050453,113.92,1
58822,-4.384220899,3.26466481,-3.077158017,45.64,1
59011,-2.32692237,-3.34843873,-3.513407961,1389.56,1
59385,-7.626924092,-6.976420008,-2.077911151,18.98,1
59669,0.32600663,1.286637565,-2.007181287,6.27,1
59777,-8.257110817,-4.81446074,-5.36530689,319.2,1
59840,-3.21538176,-0.364223121,-1.261883344,5.91,1
60353,-3.975216475,0.581573271,-1.880372107,454.82,1
61108,-2.756007119,0.683821377,-1.390168883,101.5,1
61646,-1.52230451,1.505152043,0.372364351,19.04,1
62059,-1.644403097,3.129851933,-2.576976822,6.62,1
62080,-1.599457402,2.607720029,-2.987192942,180,1
62330,1.140864737,1.221317431,-1.45295546,1,1
62341,-5.267759743,2.506718959,-5.290924818,1.1,1
62467,-5.344665375,-0.285760408,-3.835615782,1402.16,1
63578,-0.639191253,-0.085594789,1.265451959,290.18,1
64093,-6.133986948,2.941499449,-5.593985568,294.9,1
64412,-1.348041644,2.522820676,-0.782432259,1,1
64443,1.079523978,0.872988039,-0.303850487,0,1
64585,1.08043337,0.962830681,-0.278065478,0,1
64785,-8.744414644,-3.420467984,-4.850574732,720.38,1
65358,1.193916069,-0.571085007,0.742522414,31.91,1
65385,-2.923826664,1.524837164,-3.018758033,1354.25,1
65728,1.227614414,-0.668973794,-0.271784826,98.01,1
65936,-3.593476003,0.781442263,-1.822447514,101.5,1
66037,0.286302364,1.399344748,-1.682502709,7.53,1
67150,-1.82429506,0.403326527,-1.994122006,489.71,1
67571,-0.758468653,-0.045410278,-0.16843829,549.06,1
67857,-1.739333784,-1.30465465,0.314102907,320,1
68207,-13.19267096,12.78597064,-9.906650021,1,1
68207,-13.19267096,12.78597064,-9.906650021,1,1
68207,-13.19267096,12.78597064,-9.906650021,1,1
68207,-13.19267096,12.78597064,-9.906650021,1,1
68207,-13.19267096,12.78597064,-9.906650021,1,1
68207,-13.19267096,12.78597064,-9.906650021,1,1
68357,1.23260447,-0.548931183,1.087872669,19.59,1
69394,1.140431324,1.134243003,-1.429454741,1,1
70071,-0.440095203,1.137238976,-3.227079757,227.3,1
70229,0.315641749,1.636777962,-1.519649883,3.79,1
70270,-1.512515758,1.133138588,-1.60105248,318.11,1
70536,-2.271754537,-0.457654561,-2.589054639,824.83,1
70828,0.196706752,1.189757286,0.704882218,0.76,1
71033,-3.170818415,0.185734555,-3.399851579,426.4,1
72327,-4.19873461,0.194120637,-3.917585678,238.9,1
72824,-1.111495232,-0.257575207,2.250209635,45.03,1
73408,-2.869794946,1.335666962,-1.009530198,16.48,1
74159,-1.548788099,1.80869795,-0.953509034,76.94,1
74262,-2.250534809,2.365754878,-2.955491179,311.28,1
75033,-0.430330206,0.985632694,0.645789437,30.14,1
75556,-0.734303155,0.435519332,-0.530865547,29.95,1
75581,-2.866363705,2.346949431,-4.053306688,124.53,1
75851,-4.793667431,3.418910653,-5.074444533,99.85,1
75978,-5.140723118,3.568751234,-5.896245457,99.9,1
76575,-5.622469419,3.480623179,-6.200676594,219.8,1
76826,-6.616292926,3.563427898,-7.058901298,254.76,1
76845,1.141572041,1.291195042,-1.432900453,1,1
76857,1.140207954,1.156431079,-1.471577967,1,1
76867,1.082566234,1.094861513,-1.367020048,1,1
76876,-1.298359003,1.079671157,-0.180677931,1,1
77154,-0.715413746,0.608590313,1.15550089,129,1
77171,1.118559635,1.291858263,-1.298805326,1,1
77182,-1.410851902,2.268270614,-2.297553649,1,1
77202,-0.356326154,1.43530513,-0.813563965,1,1
77627,-7.139060068,2.773081604,-6.757845069,106.9,1
78725,-4.312479081,1.886475698,-2.338633561,60,1
79540,-0.114360704,1.036129402,1.984405261,0.2,1
81372,-0.885254089,1.790649232,-0.945148961,7.57,1
82289,-1.464896548,1.975527527,-1.077144539,1,1
83934,-0.433222447,2.428379118,-3.996454397,1,1
84204,-0.937843305,3.46288949,-6.445103954,0,1
84204,-0.937843305,3.46288949,-6.445103954,0,1
84204,-1.92745282,1.827620567,-7.019494685,512.25,1
84204,-1.92745282,1.827620567,-7.019494685,512.25,1
84694,-4.868108438,1.264419774,-5.167885427,12.31,1
84789,-1.430863728,-0.802528699,1.1233203,354.33,1
85181,-3.003459422,2.09615031,-0.487030348,2,1
85285,-7.030308144,3.421990905,-9.525071773,0,1
85285,-7.030308144,3.421990905,-9.525071773,0,1
85285,-6.713406972,3.921104152,-9.746678217,252.92,1
85285,-6.713406972,3.921104152,-9.746678217,252.92,1
85573,-1.756711851,3.266574254,-4.153387897,1,1
85576,-2.207630918,3.259076104,-5.43636547,240.77,1
85864,-3.365264919,2.928541107,-5.660999199,1,1
85867,-3.586963862,2.609127038,-5.568577208,310.42,1
86376,-0.67023813,0.945206352,0.610050626,323.77,1
87202,-0.419820174,-1.155978008,-2.092515502,451.27,1
87883,-1.360292634,-0.45806897,-0.700403918,829.41,1
88672,-3.859880787,2.632881312,-5.26426531,1.18,1
88737,1.917826531,0.951966571,-2.059205513,9.21,1
90676,-2.40558049,3.738234965,-2.317843041,6.99,1
91075,-1.855060702,1.554963607,-1.405808829,38.76,1
91407,-3.951208507,2.881805182,-6.421490295,52.69,1
91502,0.007379075,2.365182529,-2.600287382,1,1
91524,1.954851738,1.630056303,-4.337199681,1,1
91554,-5.100255663,3.63344238,-3.843918624,261.22,1
92092,-1.108478219,3.448952572,-6.216971806,18,1
92102,-1.66293711,3.253892424,-7.040484712,600.73,1
93742,-3.291125093,4.401194152,-8.394211623,1,1
93823,-3.821938801,5.667247309,-9.244963458,75.86,1
93824,-3.632808949,5.437263362,-9.136521481,8.54,1
93834,-3.765680122,5.890735238,-10.20226763,0.01,1
93853,-6.185857478,7.102984922,-13.03045526,44.9,1
93853,-6.185857478,7.102984922,-13.03045526,44.9,1
93853,-5.839191619,7.151532354,-12.81676008,316.06,1
93853,-5.839191619,7.151532354,-12.81676008,316.06,1
93856,-6.750508516,5.367416051,-10.05463495,209.65,1
93860,-10.85028159,6.727465688,-16.76058341,78,1
93860,-10.85028159,6.727465688,-16.76058341,78,1
93860,-10.63237491,7.251936229,-17.68107182,188.52,1
93860,-10.63237491,7.251936229,-17.68107182,188.52,1
93879,-13.08651942,7.352148339,-18.25657611,30.31,1
93879,-13.08651942,7.352148339,-18.25657611,30.31,1
93879,-12.83363142,7.508789806,-20.49195221,104.03,1
93879,-12.83363142,7.508789806,-20.49195221,104.03,1
93888,-10.04063146,6.139182715,-12.97297189,1,1
93897,-10.30081976,6.483094588,-15.07636272,1,1
93904,-11.32063311,7.191950143,-13.17908255,37.93,1
93920,-12.38104821,8.213022153,-16.96252965,97,1
93965,-11.39772672,7.763953046,-18.57230746,11.4,1
94141,-13.51207372,8.215176737,-16.58260573,45.48,1
94362,-26.45774465,16.4974719,-30.17731746,1,1
94362,-26.45774465,16.4974719,-30.17731746,1,1
94362,-26.45774465,16.4974719,-30.17731746,1,1
94362,-26.45774465,16.4974719,-30.17731746,1,1
94364,-15.19206401,10.43252768,-19.62951525,1,1
94625,1.707856937,0.024880791,-0.488140039,33.76,1
94952,0.842025259,-0.365518406,-2.464063331,571.48,1
95559,-16.30865006,11.61480054,-19.7393863,1.63,1
95628,-17.51890913,12.57211785,-19.03853832,1.63,1
96135,-1.952932626,3.541385243,-1.310561408,18.96,1
96291,-3.55217282,5.426460546,-3.73181032,33.59,1
96717,-3.705855946,4.107873186,-3.803655995,1,1
97121,-17.97626605,12.86498856,-19.57506619,8.64,1
97235,-17.53759168,12.35251867,-20.13461281,9.82,1
100223,-19.64185673,14.70633467,-22.80123769,2.28,1
100298,-22.34188889,15.53613332,-22.8652285,1,1
100501,-6.985267486,5.151093569,-4.599337773,0.76,1
100924,-23.98474665,16.69783169,-22.20987482,1,1
101051,-1.465315756,-1.093376878,-0.059767848,0.92,1
101313,-25.82598215,19.16723901,-25.39022931,2.28,1
101597,0.913116135,1.145381087,-4.602877933,147.87,1
102114,-28.25505289,21.46720299,-26.87133878,0,1
102318,-1.020631666,1.496959122,-4.490937118,22.04,1
102480,-1.929596927,4.066413278,-4.86518401,0,1
102489,-2.296987499,4.064043342,-5.957706345,104,1
102542,-1.456876318,3.740305561,-7.404518446,2.28,1
102572,-28.70922925,22.05772899,-27.85581113,0.01,1
102619,-2.488362885,4.359019108,-7.77640985,1,1
102622,-2.877176426,4.569648565,-9.553068767,346.94,1
102625,-4.221220789,2.871120581,-5.888715887,7.59,1
102669,-5.60369028,5.222192708,-7.516829977,0,1
102671,-4.991757794,5.213339823,-9.111326298,0,1
102676,-5.552122171,5.678133913,-9.77552798,119.74,1
103808,-4.517343753,2.500223904,-4.013927537,2.27,1
109297,0.745153217,2.809298874,-5.825406357,0,1
109298,-1.00061052,3.346850002,-5.534491171,186.13,1
110087,1.934946456,0.650677737,-0.286957049,1,1
110547,-1.532810361,2.232751839,-5.923100075,0.76,1
110552,-2.450366625,2.107728661,-5.14066304,80.22,1
110617,-1.101035464,-1.674928059,-0.573388196,635.1,1
115691,-1.550272715,1.088688502,-2.393387662,17.06,1
116067,0.949240655,1.333519013,-4.855402014,65,1
118532,-5.961457252,5.31338186,-6.674320456,105.89,1
118603,-6.677211625,5.529299201,-7.193274565,105.89,1
121238,-2.628921995,2.275636371,-3.745369349,144.62,1
122608,-2.003459531,-7.159041717,-4.050976316,2125.87,1
123078,-1.07381997,0.415616497,-2.273976798,11,1
123525,-5.904920806,4.439911383,-8.631802213,45.51,1
125200,-0.769171692,1.342212256,-2.171454137,40,1
125612,1.889617914,1.073098534,-1.678017522,3.22,1
125658,0.224414467,2.994498576,-3.432458196,0,1
126219,-1.141558937,1.927650038,-3.905356149,25,1
128471,0.909123839,1.337657824,-4.484727667,67.9,1
128519,-4.599447002,2.762539943,-4.656529871,93.35,1
128595,-5.313773842,2.664273998,-4.250707018,1,1
128803,-2.272472623,2.93522577,-4.871394115,175.9,1
129095,-1.836939805,-1.646764054,-3.381168242,720.8,1
129186,0.290155158,0.049243132,-0.740523666,7.18,1
129222,1.177823792,2.487103395,-5.330608161,4.87,1
129308,0.054682152,1.856499604,-4.075450735,80.9,1
129371,1.183931209,3.057250305,-6.161997335,0,1
129668,0.753356012,2.284987953,-5.164492004,2,1
129741,-1.396204326,2.618584398,-6.036770271,1,1
129764,-2.434004152,3.225946691,-6.596281631,362.55,1
129808,1.522079865,-0.519429473,-2.58168488,276.17,1
131024,0.469749517,-1.23755547,-1.767340616,723.21,1
132086,-0.361427839,1.133471917,-2.97136044,480.72,1
132688,0.432554462,1.861373345,-4.310353062,1,1
133184,-1.212681701,-2.48482353,-6.397185815,1335,1
133731,1.176632673,3.141918139,-6.140444836,0,1
133958,0.523819919,1.531707857,-4.176390134,130.21,1
134766,-0.079652537,3.222010462,-3.724201389,1,1
134769,-0.967767137,2.098018632,-5.222929466,925.31,1
134928,1.204934242,3.238069511,-6.010324404,0,1
135095,0.232512476,0.93894368,-4.647779879,345,1
135102,1.862101789,-0.124051888,-1.98975175,108.51,1
135314,-3.158989732,1.765451619,-3.39016805,84.28,1
137211,0.630578744,1.18363142,-5.066282718,39.45,1
138894,-1.298443233,1.948100449,-4.509946888,0.01,1
138942,-2.356348172,1.746360464,-6.374623621,727.91,1
139107,-4.6665001,-3.952320086,0.206093982,22.47,1
139117,-3.975939258,-1.244938872,-3.70741372,8.3,1
139767,0.46799194,1.100118116,-5.607145,120.54,1
139816,-0.395582181,-0.751792063,-1.984665722,0.69,1
139951,-2.921944376,-0.228062381,-5.877288646,723.21,1
140293,0.951025219,3.252926365,-5.03910474,0.77,1
140308,-4.861746657,-2.722660325,-4.65624809,592.9,1
141320,-6.352336911,-2.37033515,-4.875396679,195.66,1
141565,0.114965048,0.766761547,-0.494132199,4.49,1
141925,0.120301418,1.974141135,-0.434086817,0.76,1
142280,-1.169203413,1.863413535,-2.515135481,324.59,1
142394,-3.367769574,0.099249443,-6.148487449,320.01,1
142409,-1.172182919,1.66171287,-3.049637019,2,1
142840,-3.613850455,-0.922135693,-4.749887364,144.8,1
142961,0.457845399,1.373769481,-0.488926009,0,1
143354,1.11833066,2.074438871,-3.837518277,1,1
143434,-2.729481972,3.312494563,-4.242710444,1,1
143438,-5.256433834,0.364541283,-5.412085016,8.9,1
143456,-2.006581754,3.676577412,-5.463810784,1,1
144808,-2.405207092,2.94382339,-7.616654221,667.55,1
144839,-6.423306456,1.658514509,-5.866439564,0,1
146022,0.908636658,2.849024015,-5.647342963,1.18,1
146026,1.89403629,1.905806043,-3.515730077,2.22,1
146179,-0.067671621,4.251180502,-6.540388352,0.77,1
146344,-0.099723899,2.79541433,-6.423855582,94.82,1
146998,-2.064239752,2.62973923,-0.748406253,8,1
147501,-1.611877338,-0.408409923,-3.829761676,996.27,1
148028,-1.053839609,4.362800684,-6.023533637,0,1
148053,1.261324237,2.726800289,-5.435018912,1.59,1
148053,1.261324237,2.726800289,-5.435018912,1.59,1
148074,-2.219218602,0.727831411,-5.458229947,0,1
148468,0.218810192,2.71585508,-5.111657839,0.76,1
148476,-1.12509161,3.682876144,-6.556167949,0.76,1
148479,-1.541678492,3.846799676,-7.604114173,122.68,1
149096,1.184891123,3.152084205,-6.134779825,0,1
149236,-1.370975773,-0.025464613,-2.774906916,1,1
149582,-4.280583832,1.421100007,-3.908228843,1.1,1
149640,0.754315926,2.379821852,-5.137274493,2,1
149676,1.833191048,0.745332779,-1.133008713,17.39,1
150138,-2.150855045,2.187916628,-3.430515892,50,1
150139,-6.682831916,-2.714268045,-5.774530457,237.26,1
150494,1.852889095,1.069592864,-1.776101273,1,1
150949,-2.423534502,1.659092554,-3.071420549,9.29,1
151029,-3.818213718,2.551337678,-4.759158316,10.7,1
151916,-5.488032171,3.329560681,-5.996296087,0.01,1
151972,-6.618210883,3.835943307,-6.316453129,57.73,1
152036,-4.320609215,3.199938707,-5.799736054,1,1
152058,-3.576361778,3.299436221,-7.460433197,1,1
152098,-4.124316251,3.748596901,-7.926506608,1,1
152165,-4.673230766,4.195975762,-8.392422791,1,1
152307,-5.222968176,4.64182735,-8.858204209,1,1
152710,0.051075485,1.310426524,0.733222065,2.47,1
152802,1.322724251,-0.843910598,-2.096887538,357.95,1
153653,-5.192496426,3.164721173,-5.04767906,247.86,1
153761,1.146259267,1.403458243,-4.159148191,51.37,1
153875,-0.613695895,3.698772414,-5.534941162,0,1
154181,-0.549615438,2.219074693,-3.522024322,0.76,1
154278,-1.600211299,-3.488130181,-6.459302807,1504.93,1
154309,-0.082983465,-3.935918924,-2.616708986,1096.99,1
154493,-7.381546986,-7.449015159,-4.696286524,35,1
154599,0.667713641,3.041502376,-5.845111956,6.74,1
154657,-0.679520574,4.672552752,-6.81479844,0.77,1
155054,-0.512348994,4.82706042,-7.973939249,0.77,1
155359,-1.067713272,5.262312109,-8.438567066,0.77,1
155535,0.711155482,2.617104907,-4.722363221,3.9,1
155542,1.868225752,1.363077038,-1.994934283,3.14,1
155548,1.878230031,1.325629574,-2.333468993,7.06,1
155554,-1.040067223,3.106702664,-5.409027199,94.82,1
155662,-1.928613267,4.601505587,-7.124052978,0.77,1
155965,-1.201397783,4.864535181,-8.328823316,0.77,1
156685,-0.129777611,0.141547455,-0.89470187,187.11,1
156710,0.202402312,1.176270225,0.346379124,7.59,1
157207,1.170756215,2.501038208,-4.986159233,4.97,1
157284,-0.242244999,4.147185548,-5.672349096,0.77,1
158638,-5.976119323,-7.196979631,-5.388315911,296,1
159844,-0.408110817,3.132944498,-3.098029764,45.51,1
160034,-2.349339964,1.512604015,-2.647497196,4.9,1
160243,-2.783865487,1.596823576,-2.084843989,156,1
160537,0.567539267,3.309385277,-6.631268489,4.69,1
160665,-0.417339782,4.700055274,-7.521766828,0.77,1
160791,2.132386021,0.70560782,-3.530758736,1,1
160870,-0.644277679,5.002352426,-8.25273876,0.77,1
160895,-0.848290217,2.719882116,-6.199070197,127.14,1
161154,-3.387601029,3.977880741,-6.978585065,0.38,1
163181,-5.238807736,0.623013014,-5.784506592,39.98,1
165132,-7.503926237,-0.36062801,-3.830952283,12.31,1
165981,-5.766878735,-8.402153678,0.056543246,0,1
166028,-0.956390355,2.36159361,-3.171194607,39.9,1
166831,-2.027135422,-1.131890357,-1.135194254,634.3,1
166883,2.091900188,-0.757459362,-1.192257634,19.95,1
167338,-1.374424388,2.793184611,-4.346572055,349.08,1
169142,-1.927883321,1.125652664,-4.518330641,390,1
169347,1.378558997,1.289380937,-5.004246784,0.76,1
169351,-0.676142671,1.126366062,-2.213699523,77.89,1
169966,-3.113831607,0.585864172,-5.399730211,245,1
170348,1.991976096,0.158475887,-2.583440645,42.53,1
64696,1.124117362,0.145299941,0.609585442,9.54,0
145019,-0.762654283,0.959540636,1.59824656,1.98,0
120823,1.820803858,-1.342209073,-0.582345517,98.88,0
140686,2.028114428,-1.876885775,-1.040422487,168,0
43353,-0.824706238,0.944990517,1.586151979,19.26,0
82957,-3.517968927,2.705411207,0.071000883,0.77,0
171455,-1.145641148,-0.46162712,-0.57860038,3.59,0
75223,1.113884642,0.091417298,1.050802769,0,0
67769,1.288531823,-1.07082568,1.772919101,3.5,0
50942,-4.032103461,1.384037816,0.339603854,45.2,0
19556,-1.567497006,0.169244817,2.371525381,11.85,0
149482,2.163004635,-0.314195811,-2.579049021,13.3,0
50811,-3.197024817,-3.939036071,-4.236632642,3546,0
147231,2.060119009,0.182614618,-1.81571004,6.75,0
118728,0.508148056,0.80436219,-0.58498961,1.98,0
66794,1.004356495,0.358844121,-0.292346596,96.09,0
49160,-0.810318092,1.437381363,0.98206627,1.6,0
30110,-0.139473859,0.997188374,-0.42158792,18.4,0
32857,-1.963239129,2.143226381,0.778162732,10.5,0
129358,2.026713909,-0.347581745,-0.659185964,9.99,0
164923,2.039005512,-0.177194056,-1.228823776,1.29,0
76828,-0.151695208,1.391026784,-0.117153996,0.89,0
73975,-1.295233041,-0.817615981,1.292615672,31.9,0
129244,1.787372649,-1.379037186,-1.618193417,238,0
110511,0.197639743,0.465396871,0.961967413,12.99,0
151073,-1.240356588,1.401113198,-1.400395713,1,0
62560,1.036363808,-1.449631439,0.274751448,201.9,0
73181,-0.916249942,-0.864213368,1.580700469,259.88,0
137782,-0.447496629,0.557950109,0.817977161,67.08,0
25180,-0.422117875,1.085799899,1.692755643,2.67,0
153469,-0.614824716,0.629898391,-0.53895347,25,0
163147,2.205224802,-0.897476274,-1.468416585,30,0
1508,1.073699411,-0.121290575,1.372427917,6.46,0
126789,-0.245064428,1.133883059,-0.795446557,72.5,0
158187,-1.586307746,0.807233039,-1.216734742,118.3,0
167249,-0.921456161,0.807313739,0.66398461,9.99,0
53272,-0.866923973,0.463660306,1.059952567,69.97,0
124153,1.917693649,-0.421875345,-1.660221136,76.4,0
52948,1.093863288,0.024777884,1.025668567,25,0
109529,2.020754456,-0.164586373,-0.536938868,2.12,0
38602,1.322759346,-1.401793931,0.394166942,89,0
67055,-2.285331318,1.438279028,1.756658273,13.53,0
28333,1.193601841,0.175786068,0.140832436,1.29,0
167137,1.932203232,0.105736123,-1.710198303,51.82,0
9214,-2.099130683,2.290419643,0.705854797,0.01,0
136257,2.035264621,-0.129772325,-1.186158171,0.89,0
162487,2.072177993,-0.398289225,-0.834729673,4.99,0
122249,-0.849303716,-0.559849514,0.716278707,19.95,0
1616,-2.029383036,-0.484746469,0.610536464,112.18,0
34917,1.339110294,-0.79555982,0.851154268,19.95,0
170857,1.974679867,-0.334727469,-0.202017438,9.99,0
55980,0.698428213,-0.93169441,0.133328606,273.42,0
116520,2.057715628,-0.093411455,-1.10514206,1.98,0
66030,-1.296644157,0.463237794,2.319948013,44.22,0
147264,2.099476317,0.128073701,-2.009692691,6.5,0
162368,-1.687845719,1.602635153,0.604673577,9.99,0
147582,-1.66944617,0.067087607,-0.632483645,48.29,0
27081,1.265527394,-0.991200511,0.607514943,76.07,0
142726,2.061742846,-0.996327714,-0.362190448,19.99,0
81257,1.257245061,0.447387799,0.330501425,1.98,0
74895,1.183534153,0.349165678,0.399769695,8.36,0
147407,1.966286976,-0.425142174,-1.663637647,39.99,0
77983,0.830972784,-0.629716245,1.503366515,122.54,0
76256,-1.510198419,0.253663113,1.052933042,172.72,0
142509,-2.071197686,1.861392254,0.160932359,14.9,0
61012,1.245525278,-0.015100691,0.172602538,2,0
39033,-0.954213933,0.072802485,1.776236902,472,0
33124,1.05914486,-0.185362524,1.214392679,21.35,0
69446,-0.214296372,-0.674149808,1.389575711,126.83,0
125324,1.662869348,-0.511860144,-0.590662275,151.48,0
71195,-0.309114033,-3.186500291,-0.874239167,894.92,0
143059,2.059349206,-0.084455737,-1.594019432,35.55,0
41453,1.149600398,-1.002425795,0.078431812,38.16,0
137110,-4.091634978,3.023840453,-2.312602024,16.95,0
169897,2.219928331,-1.715654174,-1.358673478,54.01,0
63548,1.386685245,-0.433768058,-0.24600392,9,0
91532,1.973885522,0.139870146,-0.666834561,36.16,0
50875,1.387074454,-1.529865998,1.158449477,50,0
94042,2.007261508,0.107343501,-3.279226544,36,0
125385,0.305435688,-0.014244389,-0.860284442,40.85,0
67176,1.01841182,1.036663009,-1.689813707,0.89,0
166063,1.720245135,-0.609748735,-0.61869351,116.8,0
73678,-0.820921528,0.572614038,2.047231063,2.5,0
144132,1.888553097,-0.640515951,-0.310002682,49.95,0
141309,0.185667516,1.825484999,0.202814437,1,0
165884,2.017492923,-0.090728402,-1.264928696,0.75,0
43474,1.101234775,0.098455803,0.082520879,48.9,0
43817,0.943190537,-0.390971016,1.432122055,66.9,0
167182,-0.770503838,0.988082422,1.402887421,13.99,0
147885,2.349248907,-1.403582519,-1.197793293,10,0
150624,-0.440295129,0.641865854,2.271828563,80,0
152897,-1.467415765,-0.994576213,-0.620349004,79,0
146834,-1.061072012,0.04309997,0.932074427,8.23,0
62063,1.093326092,-1.320631148,0.864699253,136,0
140314,-1.075204295,1.801779265,-1.571359866,1,0
45894,-0.585204449,0.588614317,2.244710498,4.49,0
2449,1.315650669,0.700450437,-0.635078409,0.76,0
78763,1.170639956,0.181440547,0.276360064,1.29,0
161469,-2.218316794,0.839557217,-0.937508849,32.82,0
112987,0.304547107,0.148856687,0.015523266,15,0
47010,-2.426862304,0.140182071,0.893783824,85.91,0
40625,-0.366461324,0.909142595,0.602280509,1.5,0
33708,-1.554031835,-1.096937027,2.011803298,138.7,0
34115,-0.657656124,0.210899962,1.700356408,1,0
39774,-1.064511371,0.794941273,2.23012157,68.29,0
119006,2.011206046,0.002410022,-0.880346185,8.99,0
52353,1.121947879,-0.781718016,1.647378846,1,0
57362,1.027942561,-0.297304472,0.582306838,42.01,0
11008,1.203759909,-0.029060417,0.900251263,15.95,0
111926,1.377174687,-1.097076583,-2.806053828,398.4,0
146005,-0.571143404,1.213074034,-1.212632723,8.98,0
161663,1.85232244,-1.984180628,-1.597327215,252.5,0
68304,-2.171087101,0.727987264,0.406986025,170,0
705,1.205845553,0.172719817,-0.643274256,6.55,0
161882,-0.824569376,-0.906267073,-0.253101244,351.22,0
153978,1.983934805,-0.963884907,-1.261067327,79.98,0
35503,0.82303684,-0.344312845,0.253133535,163,0
72244,-0.908235477,0.96645776,0.8249453,101.47,0
56599,-0.938166926,0.77632685,1.828883103,56.99,0
51803,-1.647526927,1.093779056,0.955743975,23.52,0
133679,2.133324896,0.086311949,-2.573886345,10,0
142674,2.064755104,-0.920958812,-2.497536683,120.88,0
30503,-0.725703667,1.057659902,1.070101902,1,0
159618,2.101526515,-0.797878076,-0.255340268,18.9,0
49058,1.329424101,-0.806657884,0.846935369,24.99,0
130052,2.073811874,0.177978431,-1.683903656,1.29,0
158867,-2.203976087,1.411295987,0.953667098,20.3,0
139572,1.988696709,-0.448879371,-0.167400577,9.15,0
56510,-1.742761268,1.35982319,1.842459373,114.89,0
152020,0.054563804,0.934313802,0.286933061,1.98,0
128707,-1.598518867,-1.239359578,-0.610130681,262.5,0
68495,1.133852087,-0.266809308,0.330638477,57.49,0
151139,-1.07389886,0.347036437,-0.211513568,1,0
143958,1.914891023,-0.44767031,-0.977842708,44.86,0
90389,1.885445026,1.57677438,-2.811339996,15.21,0
156740,2.083591534,-1.000408624,-1.373241801,56,0
155459,0.333215336,-0.738122981,1.013666993,50,0
135672,2.112657706,0.002859782,-1.333492542,1.29,0
133568,-0.564548153,0.931584481,-0.204307114,2.69,0
122472,2.022450341,-0.302457212,-0.456156036,6.47,0
160068,0.865081634,-2.701076022,-0.95310899,635.8,0
46357,-0.850868111,1.347997179,0.952791253,1.29,0
145942,-1.078190001,0.144166066,-1.111494665,257.77,0
68744,1.481418916,-1.003680769,0.61519708,14,0
153793,-0.451118429,-0.313145414,2.039529103,2,0
79436,-0.850411007,0.335516898,2.395025333,1,0
121938,2.058347446,0.073323539,-1.849217376,1.98,0
69475,0.800637136,-0.898999561,1.157679513,179.5,0
163907,-1.789251305,1.076368656,-0.447778575,8.04,0
154685,2.063312023,0.072350674,-1.22235881,1,0
48857,-1.571179836,1.136879542,2.33716455,21.9,0
71962,-0.705008877,1.770064852,1.567631547,4.13,0
131051,1.915651736,-0.015760311,-1.702275923,51,0
155633,2.061864606,0.002829475,-1.045799962,1.98,0
149459,1.93040983,-0.515517638,-1.140883057,87.3,0
25084,-0.605612688,0.521302748,1.463847611,85.91,0
113634,2.131950314,-0.064761086,-1.757116363,1,0
47584,-1.07428282,1.834965127,-0.227476925,0.76,0
157435,-0.603431528,0.981724695,-0.660265831,62.63,0
159646,-1.237634441,0.687623167,1.330648859,64.4,0
64966,-0.575076253,0.177613161,1.94558921,90,0
165255,0.349363012,0.851348723,0.662920339,25.5,0
98446,1.870796731,-0.362082876,-0.319980412,1.1,0
125230,-0.928177724,0.813052556,0.689472198,1.79,0
80424,-0.319740836,0.683387098,0.843228246,41.1,0
55709,1.26601818,-0.107163416,0.478804196,0.75,0
53765,-2.820583369,-0.506233511,0.005717041,1,0
46839,0.58563267,-0.951677425,-0.626948725,389,0
142358,-7.001420263,6.277541021,-5.590722502,0.74,0
36855,0.258709834,-1.315833091,0.404775449,374,0
38950,1.122454429,-0.429794886,1.236875334,20.39,0
134884,2.022227099,-0.364891121,-1.259819888,16.92,0
112663,1.596597072,-1.391488701,0.554588446,180.95,0
38152,-1.158532575,-0.175104932,2.579372856,70.99,0
70020,-0.146096147,0.891525608,1.677486997,7.98,0
97513,0.098110666,1.148980258,-0.078505429,9.03,0
4645,1.044682093,-0.022567939,0.378690544,7.68,0
137091,-0.005259311,1.213513396,-0.595365703,4.49,0
1440,1.173898948,0.03998468,0.110368696,5.99,0
122153,1.758675318,-1.163104329,0.642369541,59,0
112110,-0.070119481,0.666425978,0.161499217,19.99,0
161641,-0.119269911,0.968191152,0.181151613,5.34,0
125651,2.115210398,-1.100970094,-0.765403591,40,0
142114,1.850796139,-0.388647743,-0.408395405,43.95,0
144277,-1.765027249,0.595453802,1.232504748,14.85,0
40116,1.163521087,-0.052065169,1.033363529,36.01,0
32554,1.200142911,-0.120327263,0.760675306,9.99,0
134793,1.767306472,-0.513586738,-0.521145722,81.37,0
36648,1.256210173,0.595563104,0.04846252,0.89,0
137564,-0.114538238,0.960552076,0.090282219,4.48,0
36225,-1.945888421,-0.815967064,0.985448901,628,0
127137,2.055005104,0.157837176,-1.789400176,0.99,0
93930,-0.448283665,0.684103982,0.128183112,64.99,0
70424,1.264221132,-1.050016192,1.117360403,24.9,0
94144,-1.331854892,-0.146196442,-1.124000343,6.99,0
170701,-0.316094175,0.548965993,1.081495543,79.95,0
25675,1.32884692,-0.425512014,0.149221881,34.87,0
78431,1.341004269,-0.56741114,0.143746846,63.5,0
157491,2.106779076,-0.119487774,-1.65276703,1.29,0
42682,0.940787654,-0.72510807,0.870185331,143.89,0
165638,2.050238299,-0.398102326,-0.636168306,1,0
127365,1.486470601,-0.837320462,-0.732272109,245.23,0
139094,0.029791338,0.762105449,0.428273437,1.79,0
62630,1.317909783,-1.101923309,-0.663724448,69.99,0
59042,0.796841193,0.382180454,1.008026238,13.04,0
159863,1.90170058,-1.754126046,0.950376741,67.7,0
157271,-0.013402599,1.04670535,-0.723863088,3.78,0
157729,2.053920967,-0.485047367,-0.421359084,1,0
158843,0.093820572,-3.190366861,-1.11039922,987.21,0
59347,-0.595401819,0.15051651,1.116657954,12,0
12516,1.040756658,-1.037244864,-0.308670431,171,0
146310,1.720659674,-0.47639981,-1.551347485,165.75,0
122410,-2.268343789,0.418601642,0.472211219,118.9,0
161914,-4.611423215,4.188263223,-3.893567881,13.99,0
128097,1.414324581,-1.778113252,-0.957399248,320,0
48436,-4.426586941,3.755717339,-0.39063366,3.69,0
141301,2.053478786,-0.153547323,-1.254648358,1.29,0
74710,1.31481936,-0.526193775,0.109966246,55.85,0
166094,-0.515433023,1.051993955,-1.094177479,1.46,0
25132,1.086825234,0.288374364,0.580031637,13.99,0
133846,-1.069415843,0.410375859,1.36387459,24.4,0
65594,1.237670044,0.371991551,0.209124055,1.79,0
44666,1.352183214,-0.662728957,0.395677218,20,0
146068,2.056560872,-0.050104584,-1.061506954,4.49,0
86141,1.177625151,0.646933546,-0.465014613,0.76,0
35095,1.243052498,0.288383817,-0.076595826,35.85,0
23903,-11.25441286,8.332403779,-15.35894705,89.99,0
170484,1.98822522,0.050396557,-0.932924829,9.49,0
138671,0.113781594,0.960679645,-0.236237977,2.69,0
138552,1.963546602,-1.340232806,-1.884965954,33.8,0
138980,1.928849275,-0.065236899,-1.551957037,49.9,0
144304,1.891584786,-0.480241401,0.019717483,9.99,0
155670,-0.799674004,-0.069411127,0.311903393,37,0
41419,-0.456649967,0.854297843,1.117545426,8.99,0
30697,-0.964507741,1.189538615,1.001274775,75,0
69354,1.326333124,-1.612650447,1.377290308,58.5,0
117624,2.064877205,0.230496012,-1.671719864,1.98,0
158508,2.050734338,-0.364009836,-2.542842686,0.89,0
58084,1.003124305,-0.179955389,1.294601054,56,0
151421,-0.621889953,0.536207629,0.889069453,19.99,0
80709,-0.394001089,-4.081590236,-0.855747519,998.24,0
40434,1.167087396,-0.22327126,0.493905402,26.98,0
74713,-0.956556136,-0.079964598,1.158972871,172.1,0
22851,-0.280784079,0.571571626,0.757690709,19.38,0
89080,1.682627193,-0.991003257,-0.24080709,160.86,0
155149,1.994644196,-0.343013205,-0.516239582,10,0
154529,-1.066482014,1.913077299,-1.476807285,8.99,0
41170,-0.544578142,-0.128065778,2.05152518,105,0
69067,-0.106619944,1.142591951,-1.703585604,2.69,0
76547,1.358496162,-0.243459515,0.074008056,28.67,0
58918,0.958687015,-1.90139629,0.427520979,282,0
59363,-4.356636668,3.634823724,-0.606068493,9.49,0
153217,-0.24334752,-0.86913799,-1.076734487,254.54,0
60208,-4.60614933,-6.317103154,2.405829972,358.38,0
137378,-1.363880025,-1.461091202,0.881861877,211.29,0
126482,1.774239007,-0.574395567,-0.484594533,16.82,0
130461,-0.117384941,0.98162537,-0.136932664,0.89,0
163653,1.988725682,-0.355124695,-0.313666392,1,0
57467,-0.85982669,0.864035654,0.557501774,9.99,0
44044,1.08711432,0.151248407,0.532671838,50,0
124950,-0.635331823,0.226560061,1.034656392,6,0
57532,-0.593061725,-0.652614034,0.047680097,463.16,0
78051,1.055195051,-1.048729692,-0.213427973,178,0
71151,-0.002241206,-2.101403725,-0.884009026,565.02,0
126928,0.58544888,-3.070415513,-2.939641365,836.22,0
146370,2.054654988,0.1465299,-1.93480187,16.19,0
145342,-7.335376858,-3.34628477,-2.831593769,260,0
61507,1.0839273,-0.23469759,1.346058622,9.99,0
133420,1.85982278,-0.751091054,-0.374219588,74.95,0
44310,-1.528313147,-0.440758466,3.064189016,23.35,0
137362,2.214069534,-0.591193929,-2.126283967,19.8,0
167996,0.387041179,0.593445134,-0.852298344,118.99,0
128865,-0.918831281,0.258826868,-0.975772516,1,0
95291,-0.092143446,0.455659713,0.159281267,7.58,0
88193,2.101756506,0.134939016,-1.591898668,4.95,0
112753,1.944062418,-0.571321726,-0.154145663,5.99,0
142277,-0.606585415,-0.197783926,-0.02580016,150,0
68876,1.297086118,-0.535390594,-0.470058252,93.88,0
60869,-0.727648083,1.416233876,0.8504453,6.95,0
78778,1.196534152,0.562587773,-0.233146496,1,0
84574,-0.891258975,0.458313825,2.444332208,1,0
145885,-0.008156483,-0.106558848,1.600547473,6.78,0
85228,-2.198730623,1.485681211,0.078122886,14.32,0
139846,1.761770754,-0.30068472,-1.922444317,151.12,0
80722,-0.563577188,-0.048363852,1.863174211,59.32,0
21873,1.068892618,-1.079058279,1.558843984,117.54,0
108220,2.253387873,-1.550724595,-2.236433501,33.94,0
154686,1.817077182,-0.691662723,-1.131335203,117.49,0
153468,1.760024154,-0.299059821,-1.325047762,107.59,0
26340,1.238433655,1.115194609,-1.858995453,1,0
142798,2.264715503,-1.382673341,-1.072048635,16,0
82275,0.653094595,-0.857222424,0.198386647,271.69,0
151261,2.009943534,0.309505632,-2.676217508,23.78,0
61829,-0.628970973,0.854757839,2.983529423,8.34,0
140031,2.071308799,-0.719320555,-2.341564458,90,0
38871,-0.419590573,0.983356923,1.137108293,8.99,0
34054,-1.01115734,1.162789592,1.192859607,9.99,0
172233,-2.691641881,3.123167768,-3.339406748,36.74,0
56280,-0.533122997,0.696760651,0.547910631,38.5,0
62236,1.002974149,-0.223910008,0.503483567,127,0
59762,-1.440506522,1.733717277,1.150847318,1.41,0
167597,-1.824457446,1.584349579,0.719102057,5.38,0
129932,-0.405836486,0.364773435,-0.547693194,27,0
104993,-1.404779674,0.031709627,1.75309145,46.74,0
139403,-0.989478895,0.798087911,-0.731150483,0.77,0
62102,0.261374783,0.765747122,0.984168327,7.99,0
160030,1.718581923,0.151783866,-3.064230209,174.57,0
31089,0.802828085,-1.142930908,0.576487466,150,0
144022,1.631992963,-0.695016492,-1.70827521,239.47,0
32600,-0.331744119,1.391074689,1.350570157,34.19,0
47208,-1.329953418,0.933837608,1.423165563,41.14,0
168008,-0.206835565,0.514492361,-0.392009642,1,0
62896,1.203945809,0.47408899,-0.003367671,10,0
81009,-1.270534589,0.039318012,2.376689084,131.46,0
67561,-0.808458128,-0.131858917,3.29510122,4.5,0
161471,2.058489077,-0.157205852,-1.501404402,22.9,0
128348,2.073878484,-0.500705288,-2.220900254,60.5,0
41822,1.251271066,0.093196574,0.248859571,1.79,0
139962,2.101693773,-1.682770586,-1.038804207,119.7,0
126685,2.140295597,-2.045944092,-1.367824418,54,0
70651,-1.010688437,0.734437058,1.180979508,1,0
169829,0.044743079,0.923186984,0.314016247,2.69,0
159195,-0.769385892,0.000600859,0.683716052,79,0
49266,-1.257060992,0.733086182,2.543187446,10.62,0
134707,-0.72977955,-0.532502245,-0.107020298,29.12,0
37577,0.996112582,-0.466223399,1.262234732,74.99,0
7587,1.120823438,0.252105539,0.740234328,30.99,0
69668,1.237560033,0.337132144,-0.1041555,6.09,0
46228,-1.21083891,0.584748928,1.435904238,109.7,0
130879,-4.317971755,0.744130726,-3.603812576,181.1,0
71219,-0.682548485,0.815786324,1.341924961,1.98,0
60181,-1.040271334,0.82127049,2.741528273,77.89,0
157272,-1.251239643,-1.080687782,0.167382038,500,0
140818,0.065046995,0.577616858,0.6532288,49.99,0
53918,-2.539900545,-0.437603771,-0.013788062,196,0
162984,-0.304971468,1.276136754,-0.261566215,1.98,0
108171,2.045897393,-0.099068228,-0.601869981,11.27,0
4547,-1.452636613,1.010229923,1.135085857,3.99,0
127039,2.02159585,0.064954638,-1.92217837,8.99,0
50049,1.13669046,-0.775678989,0.713118803,115.38,0
153144,-0.152975298,0.903432793,-0.30976825,23.59,0
172611,1.998269645,0.203964288,-1.699000721,14.36,0
159329,2.047714595,-1.083592645,-1.660832298,100.7,0
43625,-0.589751424,0.737919973,0.335691356,17.84,0
138575,-0.538526634,0.915197848,0.490518854,29.64,0
83383,-0.268015693,0.870890082,1.301517578,1.98,0
11308,-0.587909629,1.597549777,1.506871881,1,0
121743,0.147075344,1.014554228,-0.449912511,1.78,0
71573,-0.479176196,0.876388531,1.706825223,1,0
25537,-0.272716342,1.135272085,0.898884495,1.78,0
148720,-0.611761447,0.741089328,1.544269245,6.45,0
71026,-0.31044864,1.169625488,1.081406982,7.99,0
54988,-3.513583795,2.783738206,-1.316219045,7.61,0
156227,2.023770856,0.12087795,-1.774525969,1,0
130764,-0.462575808,1.356151954,1.734352622,22.72,0
141521,-0.870848444,0.781399073,0.938845288,0.89,0
122113,1.868690111,-0.233402985,-2.30297712,124.5,0
119931,1.982001507,-0.166626023,-1.243270088,39.5,0
90143,-0.091127535,1.082427079,0.578635029,4.49,0
139669,1.981079783,-0.68694611,-0.847329505,51.85,0
47730,-0.953705468,0.9981441,1.485310221,5,0
133474,2.160240043,-0.445019067,-2.866697067,87.94,0
44649,1.220229352,-0.213707123,0.433638444,1.84,0
103963,2.035557273,0.089603677,-1.299489939,24.99,0
93357,1.94708027,-0.297569075,-1.964661904,6,0
120407,-0.737857518,0.876932701,0.7663,59.95,0
68500,0.990346211,-0.202470129,0.729481078,79.99,0
127800,0.223542029,-0.648073071,0.248067767,10,0
69723,1.493966997,-1.067729138,0.04738464,35.11,0
160264,1.085978523,-0.764623494,-1.27085587,451.35,0
115812,-0.127400429,-0.325966727,-0.295266407,75.9,0
123839,-0.75962157,-0.418439449,1.177816989,19.95,0
73605,1.150724306,-1.276855268,1.659570115,37.5,0
51197,-0.882801314,1.017079217,0.928626819,29.68,0
124747,-1.024052357,0.444628629,-0.334933315,1.79,0
154453,2.064357382,-0.242965641,-1.145317065,1.98,0
135885,-0.05485748,1.365522783,-4.046976259,0.76,0
47760,1.152593125,0.062362319,1.31177454,9.99,0
147258,-0.139754407,-0.674741724,0.608002227,15,0
78301,-0.468839836,1.054806532,1.686753279,2.69,0
108895,-0.804785534,-0.387215125,0.652906234,500.66,0
132260,-2.106886828,0.470926148,-0.529201861,99.07,0
171608,-0.897789461,1.769505226,-1.903746361,11.76,0
72517,1.227282386,-0.765514983,0.569278724,32,0
75595,0.036285164,-0.077130985,-0.331596375,16,0
155414,-1.578212197,-1.906302106,-3.206985911,1999.89,0
164448,0.2707383,-0.330525834,0.978923906,29.52,0
119121,1.753612885,0.129197859,-0.264854731,7.87,0
53295,-6.039998872,-2.961115691,0.875681038,103.72,0
150938,2.050853369,0.070373566,-1.303510993,1.79,0
33902,-2.194022469,1.461029737,1.061264058,73.25,0
167129,-0.835558285,0.330440072,0.321204963,4.99,0
154136,-1.8411033,0.446641419,1.134355284,164.85,0
156019,-3.962772248,-5.392250307,0.320280698,196.29,0
4492,0.813420668,-0.748425755,1.340309848,200,0
43792,-1.524495593,-0.006680827,0.770533359,190,0
158745,-0.880588354,-0.072858184,1.828241906,47.25,0
129483,2.104736106,-1.158542172,-1.199137187,75,0
76042,0.958430838,-0.121169058,-0.071662293,75.54,0
159191,2.364864527,-1.35571647,-1.32835076,15,0
128614,1.978133045,0.120413371,-1.658462991,14.54,0
124014,1.910725847,-0.399945048,-0.06405019,28.49,0
71426,-0.084324099,1.26610331,0.179704052,0.89,0
56955,1.237232311,-0.001383433,0.413393181,1,0
55610,-0.875374495,1.409487158,1.012717319,0.99,0
74800,-0.993260572,-4.178337368,-0.346500588,1141.67,0
66029,1.346236006,-0.223372436,-0.538982579,5.19,0
42925,-0.466631945,1.290966502,0.342362046,27.44,0
58323,-0.452921239,0.74536756,1.827642476,43.11,0
140920,-0.673275071,0.780524272,0.918083296,0.99,0
57210,1.250573653,-0.036821362,0.707504957,9.99,0
157312,-1.667439772,2.040156428,1.725445176,18.96,0
52926,-0.222038869,0.058009992,1.458727035,20.9,0
107570,0.154424941,1.055828053,-0.296974481,0.89,0
76430,1.213190532,-0.706649657,-0.250893729,129.95,0
150880,2.028757201,-0.528887022,-0.459877567,14.84,0
133265,-1.579531573,0.430527028,1.935300503,100,0
166497,-2.974822987,-0.657901787,0.706263005,74.98,0
66804,1.276740809,0.310735111,0.397455931,1.7,0
165048,-1.207665324,-0.851101347,0.523666959,134.85,0
138097,-0.398305273,0.949911024,-0.24493741,54.27,0
168323,-0.916662648,0.551255404,1.444795598,14.99,0
76359,1.184955541,-0.182059027,1.374388106,13.63,0
94024,-0.394876512,1.277977048,2.008866941,9.82,0
159897,-1.72220092,-0.953742481,-1.914209446,202.99,0
147680,-1.370581239,2.012604832,-1.854650281,9.83,0
21217,1.228722203,0.351622975,0.240922266,4.43,0
156757,-1.799743937,-2.285000827,-0.523871497,52,0
139596,2.043909825,-0.125834505,-0.978693203,1,0
134614,-0.244026077,0.849371218,0.196463373,4.8,0
69430,-1.221664633,0.221904111,1.556997443,18,0
74585,-1.61705152,1.31998892,0.919222194,9.72,0
55326,-1.435843864,0.372467996,1.526811494,264.39,0
140188,-0.892288093,-0.073584884,-0.46499812,412.31,0
53697,1.199334588,-0.204636856,0.570365873,0.77,0
125942,1.897968438,-1.097526871,0.536527799,29.21,0
122897,-0.267588136,-0.118411601,0.868825,25.27,0
35273,0.430064959,-0.959551038,0.060616167,350,0
51596,0.899584083,-0.644993899,0.428419009,189,0
161258,-0.639840582,1.19573079,-0.890200558,1.9,0
149588,2.014352908,0.330086505,-1.64903553,6.99,0
150194,-0.917168532,-0.382185727,1.173114564,102.75,0
77215,1.186477124,-0.346243323,-0.930595527,61.13,0
145847,-1.18391704,1.432908857,-2.348377922,32.64,0
135481,2.043062359,0.336356784,-2.459884539,12.31,0
128949,1.676561124,-1.80470167,-0.824296291,249,0
57796,0.513538982,-1.028311765,0.495274072,315.16,0
65554,-1.296666103,-0.479986523,2.236888933,133,0
5470,0.988076942,-0.892928597,0.579875132,150,0
122052,0.013202711,-1.902802507,0.554598532,431,0
147380,2.023259251,-0.169339933,-1.121321089,12.99,0
75863,1.305603871,-0.09085819,0.446731044,3,0
160753,1.77038234,-0.982631192,-1.873407791,118,0
61421,0.981612104,-1.126322439,0.469913081,127.01,0
107076,-1.037280307,1.750598335,-1.391704922,0.77,0
74854,-1.896818785,-1.292135879,1.834347792,395.68,0
126187,1.847038776,-0.86288734,-0.486934732,64.95,0
78005,-0.337242288,1.118440039,1.29017248,2.28,0
45704,-12.38781339,-12.2935568,-1.626693968,0,0
3983,-2.020570666,0.753420055,0.354434685,29.95,0
97757,1.920089329,-0.395855809,-0.240487984,35.97,0
166274,1.871971991,-0.524936657,-0.804678123,37.7,0
46508,-1.560926709,0.607372974,1.969498611,27.54,0
130116,-0.715469276,-0.348038828,0.006980264,19.95,0
127981,0.934372682,-2.025928178,-1.505010505,494.44,0
73733,-0.933697426,1.233329128,1.734750924,5,0
44969,1.111745782,-0.344313886,1.449973476,18.67,0
171171,-0.694738458,0.464496224,1.639304591,66.46,0
132789,0.147669164,0.909102384,-0.521433433,2.97,0
159369,-1.019799844,-1.366825587,-1.544998823,691.08,0
145697,2.021785005,-0.18830029,-1.325246534,37.15,0
43027,-4.733590572,-0.447010868,1.087851736,2.16,0
3681,1.069274356,0.098180655,0.222342132,89.99,0
57386,1.185094976,-0.28155982,0.569224605,11.81,0
40964,-1.262433534,1.571779167,0.4754009,7.55,0
54801,-1.2907876,1.444364841,1.889542813,0.68,0
51493,1.157327197,-1.087033004,1.060958957,45,0
47823,1.118961683,0.095230425,0.320195141,41,0
59220,1.122238637,-0.331821767,0.625140175,55.32,0
91828,1.7142789,-0.346407675,-0.180676996,106.8,0
135923,-0.110913528,0.68214954,1.399735524,8.73,0
124273,1.941622767,0.710858171,-1.54415646,7.95,0
155007,1.588925729,-2.005562193,-0.329535487,264.55,0
119717,2.052486496,-0.314220137,-1.484371195,8,0
65072,1.123737613,-0.032952501,1.104291263,0,0
127177,-1.462055458,1.080868071,-0.641806012,39,0
84623,1.284672444,-0.363199061,0.685511312,1,0
134871,-2.059951727,0.857177105,-0.141594571,149.8,0
148906,-2.020747541,-0.501379123,1.570388482,9.99,0
163538,1.528925021,-1.916891856,-0.791749088,314,0
121688,-0.188715809,0.135857545,1.296425832,74.99,0
85122,-0.800787824,0.29134779,0.869558377,1,0
